id,repair,model,iteration,numSeededMutations,ADQbefore,ADQafter,ED,EDCheatbefore,EDCheatafter,EDbeforeInitial,EDafterInitial,COMPbefore,COMPafter,mutations,time,avg,max,repaired
1,RANDOM,EXAMPLE,0,-1,0.6875,0.875,2.0,6.0,6.0,0.0,2.0,2.0,2.0,0,154,0.709375,0.875,0
2,RANDOM,EXAMPLE,1,-1,0.6875,0.875,2.0,6.0,6.0,0.0,2.0,2.0,2.0,0,85,0.671875,0.875,0
3,RANDOM,EXAMPLE,2,-1,0.5625,0.875,3.0,7.0,6.0,0.0,3.0,2.0,2.0,0,47,0.659375,0.875,0
4,RANDOM,EXAMPLE,3,-1,0.5625,0.875,3.0,7.0,6.0,0.0,3.0,2.0,2.0,0,21,0.715625,0.875,0
5,RANDOM,EXAMPLE,4,-1,0.8125,0.9375,2.0,3.0,3.0,0.0,2.0,2.0,2.0,0,47,0.7375,0.9375,0
6,RANDOM,EXAMPLE,5,-1,0.8125,0.9375,2.0,3.0,3.0,0.0,2.0,2.0,2.0,0,21,0.75,0.9375,0
7,RANDOM,EXAMPLE,6,-1,0.6875,0.875,3.0,6.0,5.0,0.0,3.0,2.0,2.0,0,32,0.671875,0.875,0
8,RANDOM,EXAMPLE,7,-1,0.8125,0.875,2.0,5.0,5.0,0.0,2.0,2.0,2.0,0,38,0.753125,0.875,0
9,RANDOM,EXAMPLE,8,-1,0.5625,0.875,3.0,7.0,6.0,0.0,3.0,2.0,2.0,0,62,0.70625,0.875,0
10,RANDOM,EXAMPLE,9,-1,0.8125,0.9375,2.0,3.0,3.0,0.0,2.0,2.0,2.0,0,38,0.740625,0.9375,0
11,RANDOM,EXAMPLE,10,-1,0.6875,0.875,3.0,5.0,4.0,0.0,3.0,2.0,2.0,0,31,0.715625,0.875,0
12,RANDOM,EXAMPLE,11,-1,0.5625,0.875,3.0,7.0,6.0,0.0,3.0,2.0,2.0,0,42,0.6875,0.875,0
13,RANDOM,EXAMPLE,12,-1,0.6875,0.875,2.0,6.0,6.0,0.0,2.0,2.0,2.0,0,36,0.69375,0.875,0
14,RANDOM,EXAMPLE,13,-1,0.6875,0.9375,3.0,4.0,3.0,0.0,3.0,2.0,2.0,0,30,0.690625,0.9375,0
15,RANDOM,EXAMPLE,14,-1,0.8125,0.8125,1.0,4.0,5.0,0.0,1.0,2.0,2.0,0,32,0.7875,0.8125,0
16,RANDOM,EXAMPLE,15,-1,0.8125,0.875,2.0,4.0,4.0,0.0,2.0,2.0,2.0,0,51,0.75,0.875,0
17,RANDOM,EXAMPLE,16,-1,0.8125,0.875,2.0,5.0,5.0,0.0,2.0,2.0,2.0,0,58,0.75,0.875,0
18,RANDOM,EXAMPLE,17,-1,0.6875,0.875,2.0,6.0,6.0,0.0,2.0,2.0,2.0,0,31,0.696875,0.875,0
19,RANDOM,EXAMPLE,18,-1,0.6875,0.875,3.0,5.0,4.0,0.0,3.0,2.0,2.0,0,27,0.68125,0.875,0
20,RANDOM,EXAMPLE,19,-1,0.8125,0.875,2.0,5.0,5.0,0.0,2.0,2.0,2.0,0,29,0.75625,0.875,0
21,RANDOM,EXAMPLE,20,-1,0.5625,0.875,3.0,7.0,6.0,0.0,3.0,2.0,2.0,0,28,0.684375,0.875,0
22,RANDOM,EXAMPLE,21,-1,0.8125,0.8125,1.0,5.0,4.0,0.0,1.0,2.0,2.0,0,31,0.740625,0.8125,0
23,RANDOM,EXAMPLE,22,-1,0.6875,0.875,3.0,5.0,4.0,0.0,3.0,2.0,2.0,0,29,0.746875,0.875,0
24,RANDOM,EXAMPLE,23,-1,0.8125,0.9375,2.0,3.0,3.0,0.0,2.0,2.0,2.0,0,29,0.815625,0.9375,0
25,RANDOM,EXAMPLE,24,-1,0.8125,0.875,2.0,4.0,4.0,0.0,2.0,2.0,2.0,0,28,0.790625,0.875,0
26,RANDOM,EXAMPLE,25,-1,0.6875,0.875,3.0,5.0,4.0,0.0,3.0,2.0,2.0,0,26,0.709375,0.875,0
27,RANDOM,EXAMPLE,26,-1,0.8125,0.9375,2.0,3.0,3.0,0.0,2.0,2.0,2.0,0,27,0.759375,0.9375,0
28,RANDOM,EXAMPLE,27,-1,0.6875,0.875,3.0,5.0,4.0,0.0,3.0,2.0,2.0,0,56,0.69375,0.875,0
29,RANDOM,EXAMPLE,28,-1,0.8125,0.875,2.0,5.0,5.0,0.0,2.0,2.0,2.0,0,57,0.765625,0.875,0
30,RANDOM,EXAMPLE,29,-1,0.6875,0.9375,3.0,4.0,3.0,0.0,3.0,2.0,2.0,0,58,0.69375,0.9375,0
31,RANDOM,EXAMPLE,30,-1,0.8125,0.875,2.0,4.0,4.0,0.0,2.0,2.0,2.0,0,35,0.775,0.875,0
32,RANDOM,EXAMPLE,31,-1,0.6875,0.875,3.0,5.0,4.0,0.0,3.0,2.0,2.0,0,35,0.725,0.875,0
33,RANDOM,EXAMPLE,32,-1,0.6875,0.875,2.0,6.0,6.0,0.0,2.0,2.0,2.0,0,31,0.703125,0.875,0
34,RANDOM,EXAMPLE,33,-1,0.8125,0.875,2.0,4.0,4.0,0.0,2.0,2.0,2.0,0,31,0.75625,0.875,0
35,RANDOM,EXAMPLE,34,-1,0.8125,0.875,2.0,4.0,4.0,0.0,2.0,2.0,2.0,0,27,0.753125,0.875,0
36,RANDOM,EXAMPLE,35,-1,0.6875,0.875,2.0,6.0,6.0,0.0,2.0,2.0,2.0,0,29,0.728125,0.875,0
37,RANDOM,EXAMPLE,36,-1,0.6875,0.875,3.0,5.0,4.0,0.0,3.0,2.0,2.0,0,30,0.71875,0.875,0
38,RANDOM,EXAMPLE,37,-1,0.5625,0.875,3.0,7.0,6.0,0.0,3.0,2.0,2.0,0,33,0.675,0.875,0
39,RANDOM,EXAMPLE,38,-1,0.8125,0.9375,2.0,3.0,3.0,0.0,2.0,2.0,2.0,0,27,0.78125,0.9375,0
40,RANDOM,EXAMPLE,39,-1,0.6875,0.875,2.0,6.0,6.0,0.0,2.0,2.0,2.0,0,25,0.734375,0.875,0
41,RANDOM,EXAMPLE,40,-1,0.6875,0.9375,3.0,4.0,3.0,0.0,3.0,2.0,2.0,0,26,0.70625,0.9375,0
42,RANDOM,EXAMPLE,41,-1,0.8125,0.9375,2.0,3.0,3.0,0.0,2.0,2.0,2.0,0,26,0.74375,0.9375,0
43,RANDOM,EXAMPLE,42,-1,0.8125,0.9375,2.0,3.0,3.0,0.0,2.0,2.0,2.0,0,26,0.7875,0.9375,0
44,RANDOM,EXAMPLE,43,-1,0.8125,0.8125,1.0,4.0,5.0,0.0,1.0,2.0,2.0,0,28,0.778125,0.8125,0
45,RANDOM,EXAMPLE,44,-1,0.8125,0.875,2.0,5.0,5.0,0.0,2.0,2.0,2.0,0,29,0.778125,0.875,0
46,RANDOM,EXAMPLE,45,-1,0.8125,0.9375,2.0,3.0,3.0,0.0,2.0,2.0,2.0,0,36,0.753125,0.9375,0
47,RANDOM,EXAMPLE,46,-1,0.8125,0.9375,2.0,3.0,3.0,0.0,2.0,2.0,2.0,0,56,0.7625,0.9375,0
48,RANDOM,EXAMPLE,47,-1,0.8125,0.875,2.0,4.0,4.0,0.0,2.0,2.0,2.0,0,53,0.74375,0.875,0
49,RANDOM,EXAMPLE,48,-1,0.6875,0.875,2.0,6.0,6.0,0.0,2.0,2.0,2.0,0,54,0.7625,0.875,0
50,RANDOM,EXAMPLE,49,-1,0.8125,0.9375,2.0,3.0,3.0,0.0,2.0,2.0,2.0,0,50,0.765625,0.9375,0
51,RANDOM,EXAMPLE,50,-1,0.6875,0.875,3.0,5.0,4.0,0.0,3.0,2.0,2.0,0,35,0.70625,0.875,0
52,RANDOM,EXAMPLE,51,-1,0.6875,0.875,3.0,5.0,4.0,0.0,3.0,2.0,2.0,0,25,0.678125,0.875,0
53,RANDOM,EXAMPLE,52,-1,0.6875,0.875,2.0,6.0,6.0,0.0,2.0,2.0,2.0,0,25,0.703125,0.875,0
54,RANDOM,EXAMPLE,53,-1,0.5625,0.875,3.0,7.0,6.0,0.0,3.0,2.0,2.0,0,25,0.675,0.875,0
55,RANDOM,EXAMPLE,54,-1,0.6875,0.875,3.0,5.0,4.0,0.0,3.0,2.0,2.0,0,26,0.70625,0.875,0
56,RANDOM,EXAMPLE,55,-1,0.6875,0.875,2.0,6.0,6.0,0.0,2.0,2.0,2.0,0,25,0.709375,0.875,0
57,RANDOM,EXAMPLE,56,-1,0.8125,0.875,2.0,4.0,4.0,0.0,2.0,2.0,2.0,0,25,0.74375,0.875,0
58,RANDOM,EXAMPLE,57,-1,0.6875,0.875,3.0,5.0,4.0,0.0,3.0,2.0,2.0,0,27,0.734375,0.875,0
59,RANDOM,EXAMPLE,58,-1,0.8125,0.875,2.0,4.0,4.0,0.0,2.0,2.0,2.0,0,25,0.784375,0.875,0
60,RANDOM,EXAMPLE,59,-1,0.8125,0.9375,2.0,3.0,3.0,0.0,2.0,2.0,2.0,0,30,0.771875,0.9375,0
61,RANDOM,EXAMPLE,60,-1,0.8125,0.9375,2.0,3.0,3.0,0.0,2.0,2.0,2.0,0,26,0.74375,0.9375,0
62,RANDOM,EXAMPLE,61,-1,0.8125,0.9375,2.0,3.0,3.0,0.0,2.0,2.0,2.0,0,27,0.771875,0.9375,0
63,RANDOM,EXAMPLE,62,-1,0.5625,0.6875,1.0,7.0,6.0,0.0,1.0,2.0,2.0,0,30,0.65,0.6875,0
64,RANDOM,EXAMPLE,63,-1,0.6875,0.875,3.0,6.0,5.0,0.0,3.0,2.0,2.0,0,26,0.6875,0.875,0
65,RANDOM,EXAMPLE,64,-1,0.5625,0.875,3.0,7.0,6.0,0.0,3.0,2.0,2.0,0,27,0.7,0.875,0
66,RANDOM,EXAMPLE,65,-1,0.6875,0.875,2.0,6.0,6.0,0.0,2.0,2.0,2.0,0,25,0.684375,0.875,0
67,RANDOM,EXAMPLE,66,-1,0.8125,0.875,2.0,5.0,5.0,0.0,2.0,2.0,2.0,0,28,0.7625,0.875,0
68,RANDOM,EXAMPLE,67,-1,0.8125,0.9375,2.0,3.0,3.0,0.0,2.0,2.0,2.0,0,28,0.775,0.9375,0
69,RANDOM,EXAMPLE,68,-1,0.6875,0.875,2.0,6.0,6.0,0.0,2.0,2.0,2.0,0,29,0.7625,0.875,0
70,RANDOM,EXAMPLE,69,-1,0.6875,0.875,3.0,6.0,5.0,0.0,3.0,2.0,2.0,0,27,0.646875,0.875,0
71,RANDOM,EXAMPLE,70,-1,0.8125,0.875,2.0,4.0,4.0,0.0,2.0,2.0,2.0,0,28,0.753125,0.875,0
72,RANDOM,EXAMPLE,71,-1,0.8125,0.875,2.0,4.0,4.0,0.0,2.0,2.0,2.0,0,27,0.734375,0.875,0
73,RANDOM,EXAMPLE,72,-1,0.8125,0.9375,2.0,3.0,3.0,0.0,2.0,2.0,2.0,0,29,0.79375,0.9375,0
74,RANDOM,EXAMPLE,73,-1,0.6875,0.9375,3.0,4.0,3.0,0.0,3.0,2.0,2.0,0,28,0.746875,0.9375,0
75,RANDOM,EXAMPLE,74,-1,0.8125,0.875,2.0,4.0,4.0,0.0,2.0,2.0,2.0,0,30,0.740625,0.875,0
76,RANDOM,EXAMPLE,75,-1,0.8125,0.9375,2.0,3.0,3.0,0.0,2.0,2.0,2.0,0,44,0.75,0.9375,0
77,RANDOM,EXAMPLE,76,-1,0.6875,0.875,2.0,6.0,6.0,0.0,2.0,2.0,2.0,0,51,0.775,0.875,0
78,RANDOM,EXAMPLE,77,-1,0.5625,0.875,3.0,7.0,6.0,0.0,3.0,2.0,2.0,0,53,0.684375,0.875,0
79,RANDOM,EXAMPLE,78,-1,0.6875,0.9375,3.0,4.0,3.0,0.0,3.0,2.0,2.0,0,54,0.696875,0.9375,0
80,RANDOM,EXAMPLE,79,-1,0.5625,0.875,3.0,7.0,6.0,0.0,3.0,2.0,2.0,0,26,0.725,0.875,0
81,RANDOM,EXAMPLE,80,-1,0.8125,0.9375,2.0,3.0,3.0,0.0,2.0,2.0,2.0,0,25,0.775,0.9375,0
82,RANDOM,EXAMPLE,81,-1,0.6875,0.9375,3.0,4.0,3.0,0.0,3.0,2.0,2.0,0,25,0.728125,0.9375,0
83,RANDOM,EXAMPLE,82,-1,0.8125,0.9375,2.0,3.0,3.0,0.0,2.0,2.0,2.0,0,26,0.765625,0.9375,0
84,RANDOM,EXAMPLE,83,-1,0.8125,0.875,2.0,4.0,4.0,0.0,2.0,2.0,2.0,0,27,0.74375,0.875,0
85,RANDOM,EXAMPLE,84,-1,0.6875,0.875,2.0,6.0,6.0,0.0,2.0,2.0,2.0,0,25,0.653125,0.875,0
86,RANDOM,EXAMPLE,85,-1,0.6875,0.9375,3.0,4.0,3.0,0.0,3.0,2.0,2.0,0,25,0.69375,0.9375,0
87,RANDOM,EXAMPLE,86,-1,0.8125,0.875,2.0,4.0,4.0,0.0,2.0,2.0,2.0,0,25,0.746875,0.875,0
88,RANDOM,EXAMPLE,87,-1,0.8125,0.875,2.0,4.0,4.0,0.0,2.0,2.0,2.0,0,26,0.7625,0.875,0
89,RANDOM,EXAMPLE,88,-1,0.5625,0.875,3.0,7.0,6.0,0.0,3.0,2.0,2.0,0,27,0.6875,0.875,0
90,RANDOM,EXAMPLE,89,-1,0.8125,0.9375,2.0,3.0,3.0,0.0,2.0,2.0,2.0,0,28,0.7625,0.9375,0
91,RANDOM,EXAMPLE,90,-1,0.8125,0.9375,2.0,3.0,3.0,0.0,2.0,2.0,2.0,0,26,0.7625,0.9375,0
92,RANDOM,EXAMPLE,91,-1,0.8125,0.875,2.0,5.0,5.0,0.0,2.0,2.0,2.0,0,28,0.78125,0.875,0
93,RANDOM,EXAMPLE,92,-1,0.8125,0.9375,2.0,3.0,3.0,0.0,2.0,2.0,2.0,0,28,0.7375,0.9375,0
94,RANDOM,EXAMPLE,93,-1,0.5625,0.875,3.0,7.0,6.0,0.0,3.0,2.0,2.0,0,27,0.7,0.875,0
95,RANDOM,EXAMPLE,94,-1,0.5625,0.875,3.0,7.0,6.0,0.0,3.0,2.0,2.0,0,30,0.696875,0.875,0
96,RANDOM,EXAMPLE,95,-1,0.8125,0.8125,1.0,3.0,4.0,0.0,1.0,2.0,2.0,0,30,0.73125,0.8125,0
97,RANDOM,EXAMPLE,96,-1,0.6875,0.875,2.0,6.0,6.0,0.0,2.0,2.0,2.0,0,30,0.709375,0.875,0
98,RANDOM,EXAMPLE,97,-1,0.6875,0.875,2.0,6.0,6.0,0.0,2.0,2.0,2.0,0,28,0.728125,0.875,0
99,RANDOM,EXAMPLE,98,-1,0.5625,0.875,3.0,7.0,6.0,0.0,3.0,2.0,2.0,0,28,0.725,0.875,0
100,RANDOM,EXAMPLE,99,-1,0.6875,0.875,3.0,6.0,5.0,0.0,3.0,2.0,2.0,0,29,0.69375,0.875,0
1,RANDOM,REGISTER,0,-1,0.98046875,0.9921875,4.0,1.0,3.0,0.0,4.0,2.5,2.5,1,189,0.9507013494318182,0.9921875,0
2,RANDOM,REGISTER,1,-1,0.8994140625,0.966796875,2.0,8.0,6.0,0.0,2.0,2.5,2.5,1,166,0.9128196022727273,0.966796875,0
3,RANDOM,REGISTER,2,-1,0.9521484375,0.9765625,1.0,3.0,2.0,0.0,1.0,2.5,2.5,0,159,0.9516956676136363,0.9765625,0
4,RANDOM,REGISTER,3,-1,0.794921875,0.9501953125,6.0,8.0,8.0,0.0,6.0,2.5,2.5,1,147,0.8581321022727273,0.9501953125,0
5,RANDOM,REGISTER,4,-1,0.984375,1.0,3.0,3.0,0.0,0.0,3.0,2.5,2.5,0,65,0.96560546875,1.0,1
6,RANDOM,REGISTER,5,-1,0.8935546875,0.9609375,1.0,6.0,5.0,0.0,1.0,2.5,2.5,0,148,0.9032848011363637,0.9609375,0
7,RANDOM,REGISTER,6,-1,0.9521484375,0.9921875,2.0,3.0,1.0,0.0,2.0,2.5,2.5,1,149,0.9374822443181818,0.9921875,0
8,RANDOM,REGISTER,7,-1,0.8828125,0.98046875,6.0,6.0,1.0,0.0,6.0,2.5,2.5,1,146,0.9042258522727272,0.98046875,0
9,RANDOM,REGISTER,8,-1,0.921875,0.9609375,4.0,3.0,5.0,0.0,4.0,2.5,2.5,1,155,0.9071377840909091,0.9609375,0
10,RANDOM,REGISTER,9,-1,0.98046875,1.0,1.0,1.0,0.0,0.0,1.0,2.5,2.5,0,5,0.956298828125,1.0,1
11,RANDOM,REGISTER,10,-1,0.951171875,1.0,2.0,2.0,0.0,0.0,2.0,2.5,2.5,1,112,0.9403789569805194,1.0,1
12,RANDOM,REGISTER,11,-1,0.9609375,0.984375,3.0,7.0,4.0,0.0,3.0,2.5,2.5,0,150,0.9466441761363636,0.984375,0
13,RANDOM,REGISTER,12,-1,0.98046875,0.984375,2.0,1.0,1.0,0.0,2.0,2.5,2.5,1,146,0.9421608664772727,0.984375,0
14,RANDOM,REGISTER,13,-1,0.9453125,0.98046875,6.0,7.0,1.0,0.0,6.0,2.5,2.5,1,152,0.9244318181818182,0.98046875,0
15,RANDOM,REGISTER,14,-1,0.951171875,0.98046875,1.0,2.0,1.0,0.0,1.0,2.5,2.5,0,150,0.9292613636363637,0.98046875,0
16,RANDOM,REGISTER,15,-1,0.9521484375,0.9609375,1.0,9.0,8.0,0.0,1.0,2.5,2.5,0,148,0.9476296164772727,0.9609375,0
17,RANDOM,REGISTER,16,-1,0.9609375,1.0,3.0,3.0,0.0,0.0,3.0,2.5,2.5,0,4,0.9674479166666666,1.0,1
18,RANDOM,REGISTER,17,-1,0.9296875,0.9609375,1.0,4.0,3.0,0.0,1.0,2.5,2.5,0,149,0.9187766335227273,0.9609375,0
19,RANDOM,REGISTER,18,-1,1.0,1.0,0.0,0.0,0.0,0.0,0.0,2.5,2.5,1,78,0.9713320974576272,1.0,1
20,RANDOM,REGISTER,19,-1,0.953125,0.9765625,4.0,6.0,2.0,0.0,4.0,2.5,2.5,1,152,0.9528941761363636,0.9765625,0
21,RANDOM,REGISTER,20,-1,0.892578125,0.98046875,4.0,5.0,1.0,0.0,4.0,2.5,2.5,1,149,0.8803799715909091,0.98046875,0
22,RANDOM,REGISTER,21,-1,0.919921875,0.97265625,4.0,8.0,4.0,0.0,4.0,2.5,2.5,1,152,0.9223987926136363,0.97265625,0
23,RANDOM,REGISTER,22,-1,0.892578125,0.955078125,4.0,5.0,3.0,0.0,4.0,2.5,2.5,1,147,0.8872514204545454,0.955078125,0
24,RANDOM,REGISTER,23,-1,0.84375,0.951171875,6.0,7.0,2.0,0.0,6.0,2.5,2.5,1,138,0.8665926846590909,0.951171875,0
25,RANDOM,REGISTER,24,-1,0.8681640625,0.9609375,2.0,10.0,8.0,0.0,2.0,2.5,2.5,1,147,0.9023792613636363,0.9609375,0
26,RANDOM,REGISTER,25,-1,0.8974609375,0.9609375,3.0,9.0,6.0,0.0,3.0,2.5,2.5,1,138,0.9189808238636363,0.9609375,0
27,RANDOM,REGISTER,26,-1,0.9609375,0.98046875,3.0,3.0,1.0,0.0,3.0,2.5,2.5,0,147,0.9173739346590909,0.98046875,0
28,RANDOM,REGISTER,27,-1,0.9609375,0.9921875,5.0,4.0,3.0,0.0,5.0,2.5,2.5,1,162,0.9387517755681818,0.9921875,0
29,RANDOM,REGISTER,28,-1,0.94140625,0.970703125,4.0,6.0,2.0,0.0,4.0,2.5,2.5,1,156,0.9364524147727272,0.970703125,0
30,RANDOM,REGISTER,29,-1,0.9609375,1.0,3.0,3.0,0.0,0.0,3.0,2.5,2.5,0,49,0.9334992439516129,1.0,1
31,RANDOM,REGISTER,30,-1,0.951171875,0.98046875,3.0,4.0,1.0,0.0,3.0,2.5,2.5,1,160,0.9445845170454545,0.98046875,0
32,RANDOM,REGISTER,31,-1,0.7958984375,0.9609375,4.0,9.0,5.0,0.0,4.0,2.5,2.5,1,163,0.8794300426136363,0.9609375,0
33,RANDOM,REGISTER,32,-1,1.0,1.0,0.0,0.0,0.0,0.0,0.0,2.5,2.5,1,91,0.9715996413934426,1.0,1
34,RANDOM,REGISTER,33,-1,0.861328125,0.955078125,6.0,11.0,5.0,0.0,6.0,2.5,2.5,1,165,0.8823686079545454,0.955078125,0
35,RANDOM,REGISTER,34,-1,0.8544921875,0.9609375,4.0,8.0,4.0,0.0,4.0,2.5,2.5,1,160,0.8928355823863636,0.9609375,0
36,RANDOM,REGISTER,35,-1,0.9501953125,0.9765625,4.0,6.0,2.0,0.0,4.0,2.5,2.5,1,162,0.9355024857954546,0.9765625,0
37,RANDOM,REGISTER,36,-1,0.7958984375,0.9609375,4.0,9.0,5.0,0.0,4.0,2.5,2.5,1,155,0.8676935369318182,0.9609375,0
38,RANDOM,REGISTER,37,-1,0.9140625,0.97265625,6.0,9.0,4.0,0.0,6.0,2.5,2.5,1,157,0.9164506392045455,0.97265625,0
39,RANDOM,REGISTER,38,-1,0.9296875,0.9609375,3.0,8.0,5.0,0.0,3.0,2.5,2.5,0,160,0.9254083806818182,0.9609375,0
40,RANDOM,REGISTER,39,-1,0.8984375,0.9765625,6.0,7.0,2.0,0.0,6.0,2.5,2.5,1,160,0.9113813920454545,0.9765625,0
41,RANDOM,REGISTER,40,-1,0.921875,1.0,4.0,4.0,0.0,0.0,4.0,2.5,2.5,1,86,0.9237160604508197,1.0,1
42,RANDOM,REGISTER,41,-1,0.951171875,0.966796875,4.0,9.0,6.0,0.0,4.0,2.5,2.5,1,165,0.9426225142045455,0.966796875,0
43,RANDOM,REGISTER,42,-1,0.96875,0.984375,2.0,5.0,4.0,0.0,2.0,2.5,2.5,1,165,0.9547940340909091,0.984375,0
44,RANDOM,REGISTER,43,-1,0.9482421875,0.9609375,4.0,9.0,5.0,0.0,4.0,2.5,2.5,1,168,0.9026278409090909,0.9609375,0
45,RANDOM,REGISTER,44,-1,0.9150390625,0.9609375,2.0,9.0,7.0,0.0,2.0,2.5,2.5,1,159,0.9209161931818182,0.9609375,0
46,RANDOM,REGISTER,45,-1,0.919921875,0.9580078125,4.0,8.0,6.0,0.0,4.0,2.5,2.5,1,158,0.9139204545454546,0.9580078125,0
47,RANDOM,REGISTER,46,-1,0.97265625,1.0,2.0,2.0,0.0,0.0,2.0,2.5,2.5,1,132,0.9583675986842105,1.0,1
48,RANDOM,REGISTER,47,-1,1.0,1.0,0.0,0.0,0.0,0.0,0.0,2.5,2.5,1,95,0.9690987723214286,1.0,1
49,RANDOM,REGISTER,48,-1,0.9609375,1.0,3.0,3.0,0.0,0.0,3.0,2.5,2.5,0,32,0.9386393229166666,1.0,1
50,RANDOM,REGISTER,49,-1,0.9296875,0.98046875,6.0,7.0,1.0,0.0,6.0,2.5,2.5,1,166,0.92763671875,0.98046875,0
51,RANDOM,REGISTER,50,-1,0.9609375,0.984375,3.0,6.0,3.0,0.0,3.0,2.5,2.5,0,158,0.9492276278409091,0.984375,0
52,RANDOM,REGISTER,51,-1,0.8447265625,0.96875,4.0,7.0,3.0,0.0,4.0,2.5,2.5,1,156,0.8926047585227272,0.96875,0
53,RANDOM,REGISTER,52,-1,0.939453125,0.95703125,3.0,10.0,7.0,0.0,3.0,2.5,2.5,1,152,0.9314719460227273,0.95703125,0
54,RANDOM,REGISTER,53,-1,0.98046875,1.0,1.0,1.0,0.0,0.0,1.0,2.5,2.5,0,32,0.9644416360294118,1.0,1
55,RANDOM,REGISTER,54,-1,0.93359375,0.96875,4.0,7.0,3.0,0.0,4.0,2.5,2.5,1,167,0.9216796875,0.96875,0
56,RANDOM,REGISTER,55,-1,0.9521484375,0.9765625,1.0,3.0,2.0,0.0,1.0,2.5,2.5,0,159,0.9390092329545454,0.9765625,0
57,RANDOM,REGISTER,56,-1,1.0,1.0,0.0,0.0,0.0,0.0,0.0,2.5,2.5,1,84,0.9730573381696429,1.0,1
58,RANDOM,REGISTER,57,-1,0.892578125,0.98046875,4.0,5.0,1.0,0.0,4.0,2.5,2.5,1,159,0.8855735085227273,0.98046875,0
59,RANDOM,REGISTER,58,-1,1.0,1.0,0.0,0.0,0.0,0.0,0.0,2.5,2.5,1,115,0.96473388671875,1.0,1
60,RANDOM,REGISTER,59,-1,0.8828125,0.98046875,6.0,6.0,1.0,0.0,6.0,2.5,2.5,1,170,0.896786221590909,0.98046875,0
61,RANDOM,REGISTER,60,-1,0.951171875,1.0,2.0,2.0,0.0,0.0,2.0,2.5,2.5,1,100,0.9393028846153846,1.0,1
62,RANDOM,REGISTER,61,-1,0.875,0.953125,6.0,10.0,10.0,0.0,6.0,2.5,2.5,1,169,0.8946555397727273,0.953125,0
63,RANDOM,REGISTER,62,-1,0.9501953125,0.96875,4.0,6.0,3.0,0.0,4.0,2.5,2.5,1,163,0.9337357954545454,0.96875,0
64,RANDOM,REGISTER,63,-1,0.8291015625,0.9609375,4.0,12.0,8.0,0.0,4.0,2.5,2.5,1,186,0.887508877840909,0.9609375,0
65,RANDOM,REGISTER,64,-1,0.8916015625,0.9609375,2.0,8.0,6.0,0.0,2.0,2.5,2.5,1,166,0.9038352272727272,0.9609375,0
66,RANDOM,REGISTER,65,-1,0.9296875,0.9921875,4.0,5.0,1.0,0.0,4.0,2.5,2.5,1,153,0.9315962357954546,0.9921875,0
67,RANDOM,REGISTER,66,-1,0.953125,0.96875,2.0,7.0,5.0,0.0,2.0,2.5,2.5,1,165,0.9509588068181818,0.96875,0
68,RANDOM,REGISTER,67,-1,0.8837890625,0.96875,2.0,5.0,3.0,0.0,2.0,2.5,2.5,1,152,0.9085493607954546,0.96875,0
69,RANDOM,REGISTER,68,-1,0.8984375,0.9609375,3.0,9.0,6.0,0.0,3.0,2.5,2.5,0,147,0.9146218039772728,0.9609375,0
70,RANDOM,REGISTER,69,-1,0.9580078125,0.96875,2.0,5.0,5.0,0.0,2.0,2.5,2.5,1,155,0.9486505681818181,0.96875,0
71,RANDOM,REGISTER,70,-1,0.9453125,0.9765625,2.0,6.0,4.0,0.0,2.0,2.5,2.5,0,152,0.939266690340909,0.9765625,0
72,RANDOM,REGISTER,71,-1,0.84375,0.951171875,4.0,6.0,2.0,0.0,4.0,2.5,2.5,1,163,0.875,0.951171875,0
73,RANDOM,REGISTER,72,-1,0.7958984375,0.9501953125,2.0,9.0,8.0,0.0,2.0,2.5,2.5,1,169,0.8877041903409091,0.9501953125,0
74,RANDOM,REGISTER,73,-1,0.921875,0.98046875,3.0,4.0,1.0,0.0,3.0,2.5,2.5,0,163,0.9064897017045455,0.98046875,0
75,RANDOM,REGISTER,74,-1,0.98046875,1.0,1.0,1.0,0.0,0.0,1.0,2.5,2.5,0,2,0.9576822916666666,1.0,1
76,RANDOM,REGISTER,75,-1,0.9609375,0.98046875,2.0,3.0,1.0,0.0,2.0,2.5,2.5,1,147,0.9485795454545455,0.98046875,0
77,RANDOM,REGISTER,76,-1,0.8447265625,0.9609375,2.0,7.0,5.0,0.0,2.0,2.5,2.5,1,158,0.8951615767045454,0.9609375,0
78,RANDOM,REGISTER,77,-1,0.9228515625,0.97265625,3.0,8.0,5.0,0.0,3.0,2.5,2.5,1,161,0.9223366477272728,0.97265625,0
79,RANDOM,REGISTER,78,-1,1.0,0.9921875,1.0,0.0,1.0,0.0,1.0,2.5,2.5,0,161,0.9628462357954546,0.9921875,0
80,RANDOM,REGISTER,79,-1,0.9375,0.98046875,6.0,7.0,1.0,0.0,6.0,2.5,2.5,1,159,0.9360617897727272,0.98046875,0
81,RANDOM,REGISTER,80,-1,0.892578125,0.953125,6.0,5.0,5.0,0.0,6.0,2.5,2.5,1,162,0.8918323863636364,0.953125,0
82,RANDOM,REGISTER,81,-1,0.9609375,0.9921875,3.0,4.0,1.0,0.0,3.0,2.5,2.5,0,148,0.9386186079545454,0.9921875,0
83,RANDOM,REGISTER,82,-1,0.9521484375,0.9765625,1.0,3.0,2.0,0.0,1.0,2.5,2.5,0,170,0.950985440340909,0.9765625,0
84,RANDOM,REGISTER,83,-1,0.921875,0.98046875,3.0,4.0,1.0,0.0,3.0,2.5,2.5,0,153,0.8986416903409091,0.98046875,0
85,RANDOM,REGISTER,84,-1,1.0,1.0,0.0,0.0,0.0,0.0,0.0,2.5,2.5,1,100,0.9685924899193549,1.0,1
86,RANDOM,REGISTER,85,-1,0.98046875,1.0,1.0,1.0,0.0,0.0,1.0,2.5,2.5,0,0,0.9522879464285714,1.0,1
87,RANDOM,REGISTER,86,-1,1.0,1.0,0.0,0.0,0.0,0.0,0.0,2.5,2.5,1,91,0.9684399801587301,1.0,1
88,RANDOM,REGISTER,87,-1,0.9609375,1.0,3.0,3.0,0.0,0.0,3.0,2.5,2.5,0,59,0.936780427631579,1.0,1
89,RANDOM,REGISTER,88,-1,0.9609375,1.0,3.0,3.0,0.0,0.0,3.0,2.5,2.5,0,43,0.9375651041666667,1.0,1
90,RANDOM,REGISTER,89,-1,0.84375,0.951171875,6.0,6.0,8.0,0.0,6.0,2.5,2.5,1,157,0.8809126420454545,0.951171875,0
91,RANDOM,REGISTER,90,-1,0.931640625,0.955078125,2.0,5.0,3.0,0.0,2.0,2.5,2.5,0,157,0.9300692471590909,0.955078125,0
92,RANDOM,REGISTER,91,-1,0.953125,0.966796875,2.0,7.0,6.0,0.0,2.0,2.5,2.5,1,164,0.9491743607954546,0.966796875,0
93,RANDOM,REGISTER,92,-1,0.9306640625,0.96875,4.0,7.0,3.0,0.0,4.0,2.5,2.5,1,154,0.9168501420454546,0.96875,0
94,RANDOM,REGISTER,93,-1,0.853515625,0.9521484375,8.0,7.0,5.0,0.0,8.0,2.5,2.5,1,162,0.8789417613636363,0.9521484375,0
95,RANDOM,REGISTER,94,-1,0.9609375,0.98046875,3.0,4.0,1.0,0.0,3.0,2.5,2.5,0,158,0.9439985795454545,0.98046875,0
96,RANDOM,REGISTER,95,-1,0.84375,0.951171875,4.0,6.0,2.0,0.0,4.0,2.5,2.5,1,160,0.8780894886363636,0.951171875,0
97,RANDOM,REGISTER,96,-1,0.8828125,0.98046875,6.0,6.0,1.0,0.0,6.0,2.5,2.5,1,142,0.8968927556818181,0.98046875,0
98,RANDOM,REGISTER,97,-1,0.9150390625,0.96484375,3.0,9.0,6.0,0.0,3.0,2.5,2.5,1,157,0.9224786931818182,0.96484375,0
99,RANDOM,REGISTER,98,-1,1.0,1.0,0.0,0.0,0.0,0.0,0.0,2.5,2.5,1,88,0.9706876240079365,1.0,1
100,RANDOM,REGISTER,99,-1,0.9501953125,0.9609375,1.0,6.0,5.0,0.0,1.0,2.5,2.5,0,161,0.9359907670454546,0.9609375,0
1,RANDOM,FIGURE4,0,-1,0.25,0.96875,4.0,2.0,6.0,0.0,4.0,5.0,5.0,0,40,0.4114583333333333,0.96875,0
2,RANDOM,FIGURE4,1,-1,1.0,0.96875,6.0,0.0,6.0,0.0,6.0,5.0,5.0,0,46,0.5645833333333333,0.96875,0
3,RANDOM,FIGURE4,2,-1,0.25,0.96875,4.0,2.0,6.0,0.0,4.0,5.0,5.0,0,38,0.39895833333333336,0.96875,0
4,RANDOM,FIGURE4,3,-1,0.15625,1.0,6.0,6.0,0.0,0.0,6.0,5.0,5.0,0,0,0.515625,1.0,1
5,RANDOM,FIGURE4,4,-1,1.0,0.96875,6.0,0.0,6.0,0.0,6.0,5.0,5.0,0,47,0.56875,0.96875,0
6,RANDOM,FIGURE4,5,-1,0.5,1.0,1.0,1.0,0.0,0.0,1.0,5.0,5.0,0,0,0.984375,1.0,1
7,RANDOM,FIGURE4,6,-1,0.15625,1.0,6.0,6.0,0.0,0.0,6.0,5.0,5.0,0,0,0.7421875,1.0,1
8,RANDOM,FIGURE4,7,-1,1.0,0.96875,6.0,0.0,6.0,0.0,6.0,5.0,5.0,0,35,0.47604166666666664,0.96875,0
9,RANDOM,FIGURE4,8,-1,1.0,0.96875,6.0,0.0,6.0,0.0,6.0,5.0,5.0,0,47,0.534375,0.96875,0
10,RANDOM,FIGURE4,9,-1,0.15625,1.0,6.0,6.0,0.0,0.0,6.0,5.0,5.0,0,0,0.984375,1.0,1
11,RANDOM,FIGURE4,10,-1,1.0,0.96875,6.0,0.0,6.0,0.0,6.0,5.0,5.0,0,40,0.47604166666666664,0.96875,0
12,RANDOM,FIGURE4,11,-1,0.96875,1.0,6.0,6.0,0.0,0.0,6.0,5.0,5.0,0,0,0.578125,1.0,1
13,RANDOM,FIGURE4,12,-1,1.0,0.96875,6.0,0.0,6.0,0.0,6.0,5.0,5.0,0,45,0.4875,0.96875,0
14,RANDOM,FIGURE4,13,-1,0.5,1.0,1.0,1.0,0.0,0.0,1.0,5.0,5.0,0,0,0.4375,1.0,1
15,RANDOM,FIGURE4,14,-1,1.0,0.96875,6.0,0.0,6.0,0.0,6.0,5.0,5.0,0,31,0.5614583333333333,0.96875,0
16,RANDOM,FIGURE4,15,-1,0.96875,1.0,6.0,6.0,0.0,0.0,6.0,5.0,5.0,0,0,1.0,1.0,1
17,RANDOM,FIGURE4,16,-1,1.0,0.96875,6.0,0.0,6.0,0.0,6.0,5.0,5.0,0,38,0.6,0.96875,0
18,RANDOM,FIGURE4,17,-1,0.15625,1.0,6.0,6.0,0.0,0.0,6.0,5.0,5.0,0,0,0.5714285714285714,1.0,1
19,RANDOM,FIGURE4,18,-1,0.5,1.0,1.0,1.0,0.0,0.0,1.0,5.0,5.0,0,0,1.0,1.0,1
20,RANDOM,FIGURE4,19,-1,0.5,1.0,1.0,1.0,0.0,0.0,1.0,5.0,5.0,0,0,0.578125,1.0,1
21,RANDOM,FIGURE4,20,-1,0.96875,1.0,6.0,6.0,0.0,0.0,6.0,5.0,5.0,0,0,1.0,1.0,1
22,RANDOM,FIGURE4,21,-1,1.0,0.96875,6.0,0.0,6.0,0.0,6.0,5.0,5.0,0,47,0.51875,0.96875,0
23,RANDOM,FIGURE4,22,-1,0.15625,1.0,6.0,6.0,0.0,0.0,6.0,5.0,5.0,0,15,1.0,1.0,1
24,RANDOM,FIGURE4,23,-1,0.25,0.96875,4.0,2.0,6.0,0.0,4.0,5.0,5.0,0,34,0.35520833333333335,0.96875,0
25,RANDOM,FIGURE4,24,-1,1.0,0.96875,6.0,0.0,6.0,0.0,6.0,5.0,5.0,0,47,0.5416666666666666,0.96875,0
26,RANDOM,FIGURE4,25,-1,1.0,0.96875,6.0,0.0,6.0,0.0,6.0,5.0,5.0,0,53,0.5302083333333333,0.96875,0
27,RANDOM,FIGURE4,26,-1,0.5,1.0,1.0,1.0,0.0,0.0,1.0,5.0,5.0,0,0,0.390625,1.0,1
28,RANDOM,FIGURE4,27,-1,0.96875,1.0,6.0,6.0,0.0,0.0,6.0,5.0,5.0,0,0,1.0,1.0,1
29,RANDOM,FIGURE4,28,-1,0.15625,1.0,6.0,6.0,0.0,0.0,6.0,5.0,5.0,0,16,0.8177083333333334,1.0,1
30,RANDOM,FIGURE4,29,-1,0.25,0.96875,4.0,2.0,6.0,0.0,4.0,5.0,5.0,0,37,0.4083333333333333,0.96875,0
31,RANDOM,FIGURE4,30,-1,0.15625,1.0,6.0,6.0,0.0,0.0,6.0,5.0,5.0,0,17,0.5078125,1.0,1
32,RANDOM,FIGURE4,31,-1,0.15625,1.0,6.0,6.0,0.0,0.0,6.0,5.0,5.0,0,2,0.7421875,1.0,1
33,RANDOM,FIGURE4,32,-1,0.5,1.0,1.0,1.0,0.0,0.0,1.0,5.0,5.0,0,0,0.578125,1.0,1
34,RANDOM,FIGURE4,33,-1,1.0,0.96875,6.0,0.0,6.0,0.0,6.0,5.0,5.0,0,47,0.5770833333333333,0.96875,0
35,RANDOM,FIGURE4,34,-1,0.15625,1.0,6.0,6.0,0.0,0.0,6.0,5.0,5.0,0,0,0.9791666666666666,1.0,1
36,RANDOM,FIGURE4,35,-1,1.0,0.96875,6.0,0.0,6.0,0.0,6.0,5.0,5.0,0,32,0.5145833333333333,0.96875,0
37,RANDOM,FIGURE4,36,-1,0.15625,1.0,6.0,6.0,0.0,0.0,6.0,5.0,5.0,0,0,1.0,1.0,1
38,RANDOM,FIGURE4,37,-1,0.96875,1.0,6.0,6.0,0.0,0.0,6.0,5.0,5.0,0,0,0.515625,1.0,1
39,RANDOM,FIGURE4,38,-1,0.5,1.0,1.0,1.0,0.0,0.0,1.0,5.0,5.0,0,15,0.38125,1.0,1
40,RANDOM,FIGURE4,39,-1,1.0,0.96875,6.0,0.0,6.0,0.0,6.0,5.0,5.0,0,32,0.453125,0.96875,0
41,RANDOM,FIGURE4,40,-1,0.96875,1.0,6.0,6.0,0.0,0.0,6.0,5.0,5.0,0,3,0.578125,1.0,1
42,RANDOM,FIGURE4,41,-1,0.96875,1.0,6.0,6.0,0.0,0.0,6.0,5.0,5.0,0,0,0.515625,1.0,1
43,RANDOM,FIGURE4,42,-1,0.5,1.0,1.0,1.0,0.0,0.0,1.0,5.0,5.0,0,15,0.440625,1.0,1
44,RANDOM,FIGURE4,43,-1,0.15625,1.0,6.0,6.0,0.0,0.0,6.0,5.0,5.0,0,0,1.0,1.0,1
45,RANDOM,FIGURE4,44,-1,1.0,0.96875,6.0,0.0,6.0,0.0,6.0,5.0,5.0,0,47,0.43333333333333335,0.96875,0
46,RANDOM,FIGURE4,45,-1,0.96875,1.0,6.0,6.0,0.0,0.0,6.0,5.0,5.0,0,0,1.0,1.0,1
47,RANDOM,FIGURE4,46,-1,1.0,0.96875,6.0,0.0,6.0,0.0,6.0,5.0,5.0,0,38,0.6427083333333333,0.96875,0
48,RANDOM,FIGURE4,47,-1,0.5,1.0,1.0,1.0,0.0,0.0,1.0,5.0,5.0,0,0,0.984375,1.0,1
49,RANDOM,FIGURE4,48,-1,0.15625,1.0,6.0,6.0,0.0,0.0,6.0,5.0,5.0,0,15,0.4125,1.0,1
50,RANDOM,FIGURE4,49,-1,0.15625,1.0,6.0,6.0,0.0,0.0,6.0,5.0,5.0,0,0,0.6,1.0,1
51,RANDOM,FIGURE4,50,-1,0.15625,1.0,6.0,6.0,0.0,0.0,6.0,5.0,5.0,0,0,0.984375,1.0,1
52,RANDOM,FIGURE4,51,-1,1.0,0.96875,6.0,0.0,6.0,0.0,6.0,5.0,5.0,0,53,0.5072916666666667,0.96875,0
53,RANDOM,FIGURE4,52,-1,1.0,0.96875,6.0,0.0,6.0,0.0,6.0,5.0,5.0,0,47,0.42916666666666664,0.96875,0
54,RANDOM,FIGURE4,53,-1,0.15625,1.0,6.0,6.0,0.0,0.0,6.0,5.0,5.0,0,0,1.0,1.0,1
55,RANDOM,FIGURE4,54,-1,1.0,0.96875,6.0,0.0,6.0,0.0,6.0,5.0,5.0,0,38,0.5916666666666667,0.96875,0
56,RANDOM,FIGURE4,55,-1,0.15625,1.0,6.0,6.0,0.0,0.0,6.0,5.0,5.0,0,3,0.984375,1.0,1
57,RANDOM,FIGURE4,56,-1,0.15625,1.0,6.0,6.0,0.0,0.0,6.0,5.0,5.0,0,0,1.0,1.0,1
58,RANDOM,FIGURE4,57,-1,0.5,1.0,1.0,1.0,0.0,0.0,1.0,5.0,5.0,0,16,0.6177884615384616,1.0,1
59,RANDOM,FIGURE4,58,-1,0.96875,1.0,6.0,6.0,0.0,0.0,6.0,5.0,5.0,0,0,1.0,1.0,1
60,RANDOM,FIGURE4,59,-1,0.96875,1.0,6.0,6.0,0.0,0.0,6.0,5.0,5.0,0,0,0.578125,1.0,1
61,RANDOM,FIGURE4,60,-1,0.15625,1.0,6.0,6.0,0.0,0.0,6.0,5.0,5.0,0,15,0.6,1.0,1
62,RANDOM,FIGURE4,61,-1,1.0,0.96875,6.0,0.0,6.0,0.0,6.0,5.0,5.0,0,48,0.5989583333333334,0.96875,0
63,RANDOM,FIGURE4,62,-1,0.5,1.0,1.0,1.0,0.0,0.0,1.0,5.0,5.0,0,0,0.7734375,1.0,1
64,RANDOM,FIGURE4,63,-1,1.0,0.96875,6.0,0.0,6.0,0.0,6.0,5.0,5.0,0,31,0.5614583333333333,0.96875,0
65,RANDOM,FIGURE4,64,-1,1.0,0.96875,6.0,0.0,6.0,0.0,6.0,5.0,5.0,0,38,0.49166666666666664,0.96875,0
66,RANDOM,FIGURE4,65,-1,1.0,0.96875,6.0,0.0,6.0,0.0,6.0,5.0,5.0,0,46,0.5802083333333333,0.96875,0
67,RANDOM,FIGURE4,66,-1,0.15625,1.0,6.0,6.0,0.0,0.0,6.0,5.0,5.0,0,0,1.0,1.0,1
68,RANDOM,FIGURE4,67,-1,0.15625,1.0,6.0,6.0,0.0,0.0,6.0,5.0,5.0,0,0,0.6666666666666666,1.0,1
69,RANDOM,FIGURE4,68,-1,0.125,0.96875,3.0,3.0,6.0,0.0,3.0,5.0,5.0,0,54,0.253125,0.96875,0
70,RANDOM,FIGURE4,69,-1,1.0,0.96875,6.0,0.0,6.0,0.0,6.0,5.0,5.0,0,47,0.5916666666666667,0.96875,0
71,RANDOM,FIGURE4,70,-1,1.0,0.96875,6.0,0.0,6.0,0.0,6.0,5.0,5.0,0,37,0.5375,0.96875,0
72,RANDOM,FIGURE4,71,-1,0.15625,1.0,6.0,6.0,0.0,0.0,6.0,5.0,5.0,0,0,1.0,1.0,1
73,RANDOM,FIGURE4,72,-1,0.96875,1.0,6.0,6.0,0.0,0.0,6.0,5.0,5.0,0,0,0.4375,1.0,1
74,RANDOM,FIGURE4,73,-1,0.15625,1.0,6.0,6.0,0.0,0.0,6.0,5.0,5.0,0,0,0.2734375,1.0,1
75,RANDOM,FIGURE4,74,-1,0.96875,1.0,6.0,6.0,0.0,0.0,6.0,5.0,5.0,0,0,0.515625,1.0,1
76,RANDOM,FIGURE4,75,-1,0.5,1.0,1.0,1.0,0.0,0.0,1.0,5.0,5.0,0,0,0.9791666666666666,1.0,1
77,RANDOM,FIGURE4,76,-1,0.96875,1.0,6.0,6.0,0.0,0.0,6.0,5.0,5.0,0,15,0.578125,1.0,1
78,RANDOM,FIGURE4,77,-1,0.96875,1.0,6.0,6.0,0.0,0.0,6.0,5.0,5.0,0,0,0.3958333333333333,1.0,1
79,RANDOM,FIGURE4,78,-1,0.5,1.0,1.0,1.0,0.0,0.0,1.0,5.0,5.0,0,16,0.38671875,1.0,1
80,RANDOM,FIGURE4,79,-1,1.0,0.96875,6.0,0.0,6.0,0.0,6.0,5.0,5.0,0,38,0.50625,0.96875,0
81,RANDOM,FIGURE4,80,-1,0.15625,1.0,6.0,6.0,0.0,0.0,6.0,5.0,5.0,0,16,1.0,1.0,1
82,RANDOM,FIGURE4,81,-1,1.0,0.96875,6.0,0.0,6.0,0.0,6.0,5.0,5.0,0,31,0.553125,0.96875,0
83,RANDOM,FIGURE4,82,-1,0.5,1.0,1.0,1.0,0.0,0.0,1.0,5.0,5.0,0,0,1.0,1.0,1
84,RANDOM,FIGURE4,83,-1,0.15625,1.0,6.0,6.0,0.0,0.0,6.0,5.0,5.0,0,0,1.0,1.0,1
85,RANDOM,FIGURE4,84,-1,1.0,0.96875,6.0,0.0,6.0,0.0,6.0,5.0,5.0,0,34,0.49166666666666664,0.96875,0
86,RANDOM,FIGURE4,85,-1,0.15625,1.0,6.0,6.0,0.0,0.0,6.0,5.0,5.0,0,15,0.984375,1.0,1
87,RANDOM,FIGURE4,86,-1,0.15625,1.0,6.0,6.0,0.0,0.0,6.0,5.0,5.0,0,0,0.7421875,1.0,1
88,RANDOM,FIGURE4,87,-1,0.96875,1.0,6.0,6.0,0.0,0.0,6.0,5.0,5.0,0,16,0.2552083333333333,1.0,1
89,RANDOM,FIGURE4,88,-1,0.15625,1.0,6.0,6.0,0.0,0.0,6.0,5.0,5.0,0,0,0.515625,1.0,1
90,RANDOM,FIGURE4,89,-1,1.0,0.96875,6.0,0.0,6.0,0.0,6.0,5.0,5.0,0,47,0.46041666666666664,0.96875,0
91,RANDOM,FIGURE4,90,-1,0.15625,1.0,6.0,6.0,0.0,0.0,6.0,5.0,5.0,0,16,0.515625,1.0,1
92,RANDOM,FIGURE4,91,-1,0.15625,1.0,6.0,6.0,0.0,0.0,6.0,5.0,5.0,0,3,0.2734375,1.0,1
93,RANDOM,FIGURE4,92,-1,0.5,1.0,1.0,1.0,0.0,0.0,1.0,5.0,5.0,0,0,0.34375,1.0,1
94,RANDOM,FIGURE4,93,-1,0.96875,1.0,6.0,6.0,0.0,0.0,6.0,5.0,5.0,0,0,1.0,1.0,1
95,RANDOM,FIGURE4,94,-1,0.15625,1.0,6.0,6.0,0.0,0.0,6.0,5.0,5.0,0,0,0.984375,1.0,1
96,RANDOM,FIGURE4,95,-1,0.15625,1.0,6.0,6.0,0.0,0.0,6.0,5.0,5.0,0,0,0.984375,1.0,1
97,RANDOM,FIGURE4,96,-1,1.0,0.96875,6.0,0.0,6.0,0.0,6.0,5.0,5.0,0,31,0.5260416666666666,0.96875,0
98,RANDOM,FIGURE4,97,-1,0.15625,1.0,6.0,6.0,0.0,0.0,6.0,5.0,5.0,0,16,0.30357142857142855,1.0,1
99,RANDOM,FIGURE4,98,-1,1.0,0.96875,6.0,0.0,6.0,0.0,6.0,5.0,5.0,0,38,0.44895833333333335,0.96875,0
100,RANDOM,FIGURE4,99,-1,0.15625,1.0,6.0,6.0,0.0,0.0,6.0,5.0,5.0,0,0,0.6,1.0,1
1,RANDOM,AIRCRAFT1,0,-1,0.922607421875,0.959716796875,2.0,4.0,2.0,0.0,2.0,3.0,3.0,1,287,0.9219376001602564,0.959716796875,0
2,RANDOM,AIRCRAFT1,1,-1,0.919921875,0.937744140625,5.0,10.0,6.0,0.0,5.0,3.0,3.0,2,301,0.9179512219551282,0.937744140625,0
3,RANDOM,AIRCRAFT1,2,-1,0.913818359375,0.983154296875,2.0,8.0,6.0,0.0,2.0,3.0,3.0,2,295,0.9178310296474359,0.983154296875,0
4,RANDOM,AIRCRAFT1,3,-1,0.929443359375,0.994873046875,2.0,3.0,1.0,0.0,2.0,3.0,3.0,2,278,0.9269393529647436,0.994873046875,0
5,RANDOM,AIRCRAFT1,4,-1,0.951904296875,1.0,10.0,10.0,0.0,0.0,10.0,3.0,3.0,2,188,0.9377646409828244,1.0,1
6,RANDOM,AIRCRAFT1,5,-1,1.0,0.994873046875,1.0,0.0,1.0,0.0,1.0,3.0,3.0,0,302,0.9421900040064103,0.994873046875,0
7,RANDOM,AIRCRAFT1,6,-1,0.943603515625,1.0,1.0,1.0,0.0,0.0,1.0,3.0,3.0,0,28,0.9357653166118421,1.0,1
8,RANDOM,AIRCRAFT1,7,-1,0.920654296875,0.9833984375,7.0,5.0,2.0,0.0,7.0,3.0,3.0,1,326,0.9241248497596154,0.9833984375,0
9,RANDOM,AIRCRAFT1,8,-1,0.92431640625,0.994873046875,9.0,10.0,1.0,0.0,9.0,3.0,3.0,2,311,0.922733874198718,0.994873046875,0
10,RANDOM,AIRCRAFT1,9,-1,0.951904296875,0.989013671875,2.0,3.0,1.0,0.0,2.0,3.0,3.0,1,394,0.9304499699519231,0.989013671875,0
11,RANDOM,AIRCRAFT1,10,-1,0.918212890625,0.983154296875,5.0,3.0,2.0,0.0,5.0,3.0,3.0,1,356,0.9242462940705128,0.983154296875,0
12,RANDOM,AIRCRAFT1,11,-1,0.9423828125,0.9833984375,1.0,3.0,2.0,0.0,1.0,3.0,3.0,0,318,0.9297313201121795,0.9833984375,0
13,RANDOM,AIRCRAFT1,12,-1,0.921875,0.93408203125,3.0,5.0,3.0,0.0,3.0,3.0,3.0,2,316,0.9214280348557692,0.93408203125,0
14,RANDOM,AIRCRAFT1,13,-1,0.926025390625,0.9775390625,4.0,9.0,7.0,0.0,4.0,3.0,3.0,2,338,0.9239495693108974,0.9775390625,0
15,RANDOM,AIRCRAFT1,14,-1,0.9521484375,0.989013671875,4.0,3.0,1.0,0.0,4.0,3.0,3.0,2,337,0.9329038962339744,0.989013671875,0
16,RANDOM,AIRCRAFT1,15,-1,0.983154296875,0.989013671875,1.0,2.0,1.0,0.0,1.0,3.0,3.0,0,277,0.9334172175480769,0.989013671875,0
17,RANDOM,AIRCRAFT1,16,-1,0.92333984375,0.9833984375,3.0,5.0,2.0,0.0,3.0,3.0,3.0,1,292,0.9245017027243589,0.9833984375,0
18,RANDOM,AIRCRAFT1,17,-1,0.923095703125,0.943603515625,3.0,8.0,7.0,0.0,3.0,3.0,3.0,2,315,0.9226875500801283,0.943603515625,0
19,RANDOM,AIRCRAFT1,18,-1,0.91943359375,0.9716796875,6.0,5.0,6.0,0.0,6.0,3.0,3.0,2,289,0.920331280048077,0.9716796875,0
20,RANDOM,AIRCRAFT1,19,-1,0.91748046875,0.9833984375,2.0,3.0,2.0,0.0,2.0,3.0,3.0,2,280,0.921337890625,0.9833984375,0
21,RANDOM,AIRCRAFT1,20,-1,0.967041015625,1.0,5.0,5.0,0.0,0.0,5.0,3.0,3.0,1,171,0.934539794921875,1.0,1
22,RANDOM,AIRCRAFT1,21,-1,0.928955078125,0.994873046875,4.0,9.0,5.0,0.0,4.0,3.0,3.0,1,310,0.9296724759615385,0.994873046875,0
23,RANDOM,AIRCRAFT1,22,-1,0.936767578125,1.0,2.0,2.0,0.0,0.0,2.0,3.0,3.0,1,143,0.93342041015625,1.0,1
24,RANDOM,AIRCRAFT1,23,-1,1.0,1.0,0.0,0.0,0.0,0.0,0.0,3.0,3.0,1,179,0.9507296202612705,1.0,1
25,RANDOM,AIRCRAFT1,24,-1,0.923095703125,1.0,1.0,1.0,0.0,0.0,1.0,3.0,3.0,0,14,0.9264594184027778,1.0,1
26,RANDOM,AIRCRAFT1,25,-1,0.967529296875,0.98974609375,6.0,2.0,6.0,0.0,6.0,3.0,3.0,1,281,0.9374449118589744,0.98974609375,0
27,RANDOM,AIRCRAFT1,26,-1,0.940673828125,0.989013671875,1.0,5.0,4.0,0.0,1.0,3.0,3.0,0,291,0.934139623397436,0.989013671875,0
28,RANDOM,AIRCRAFT1,27,-1,0.943603515625,1.0,1.0,1.0,0.0,0.0,1.0,3.0,3.0,0,67,0.93585205078125,1.0,1
29,RANDOM,AIRCRAFT1,28,-1,0.918701171875,0.929931640625,2.0,9.0,7.0,0.0,2.0,3.0,3.0,1,376,0.9183756510416666,0.929931640625,0
30,RANDOM,AIRCRAFT1,29,-1,0.91796875,0.9833984375,3.0,4.0,2.0,0.0,3.0,3.0,3.0,2,286,0.9246281550480769,0.9833984375,0
31,RANDOM,AIRCRAFT1,30,-1,1.0,1.0,0.0,0.0,0.0,0.0,0.0,3.0,3.0,1,117,0.9531642869971264,1.0,1
32,RANDOM,AIRCRAFT1,31,-1,0.9140625,0.9775390625,2.0,9.0,7.0,0.0,2.0,3.0,3.0,2,284,0.9175944010416667,0.9775390625,0
33,RANDOM,AIRCRAFT1,32,-1,0.931884765625,0.994873046875,6.0,2.0,5.0,0.0,6.0,3.0,3.0,1,317,0.9322528545673077,0.994873046875,0
34,RANDOM,AIRCRAFT1,33,-1,0.92333984375,0.959716796875,2.0,8.0,6.0,0.0,2.0,3.0,3.0,2,278,0.9230719150641026,0.959716796875,0
35,RANDOM,AIRCRAFT1,34,-1,0.974365234375,1.0,1.0,1.0,0.0,0.0,1.0,3.0,3.0,0,69,0.9478087133290817,1.0,1
36,RANDOM,AIRCRAFT1,35,-1,0.923095703125,0.97802734375,7.0,6.0,5.0,0.0,7.0,3.0,3.0,2,278,0.9236328125,0.97802734375,0
37,RANDOM,AIRCRAFT1,36,-1,0.910888671875,0.9775390625,7.0,10.0,7.0,0.0,7.0,3.0,3.0,2,278,0.9171486879006411,0.9775390625,0
38,RANDOM,AIRCRAFT1,37,-1,0.974365234375,1.0,1.0,1.0,0.0,0.0,1.0,3.0,3.0,0,16,0.943359375,1.0,1
39,RANDOM,AIRCRAFT1,38,-1,0.924072265625,0.967041015625,4.0,7.0,3.0,0.0,4.0,3.0,3.0,2,287,0.9247320713141025,0.967041015625,0
40,RANDOM,AIRCRAFT1,39,-1,0.930419921875,0.974365234375,1.0,2.0,1.0,0.0,1.0,3.0,3.0,0,279,0.9284843249198718,0.974365234375,0
41,RANDOM,AIRCRAFT1,40,-1,0.974365234375,1.0,1.0,1.0,0.0,0.0,1.0,3.0,3.0,0,31,0.943603515625,1.0,1
42,RANDOM,AIRCRAFT1,41,-1,0.931884765625,0.958251953125,5.0,4.0,8.0,0.0,5.0,3.0,3.0,1,276,0.9296812399839743,0.958251953125,0
43,RANDOM,AIRCRAFT1,42,-1,0.919677734375,1.0,2.0,2.0,0.0,0.0,2.0,3.0,3.0,2,222,0.924568371895032,1.0,1
44,RANDOM,AIRCRAFT1,43,-1,0.923095703125,0.952392578125,4.0,4.0,4.0,0.0,4.0,3.0,3.0,2,276,0.9220527844551282,0.952392578125,0
45,RANDOM,AIRCRAFT1,44,-1,0.9267578125,1.0,4.0,4.0,0.0,0.0,4.0,3.0,3.0,1,132,0.9279424493963068,1.0,1
46,RANDOM,AIRCRAFT1,45,-1,0.907958984375,0.98974609375,5.0,11.0,6.0,0.0,5.0,3.0,3.0,2,269,0.9239821213942307,0.98974609375,0
47,RANDOM,AIRCRAFT1,46,-1,0.9189453125,0.9833984375,2.0,4.0,2.0,0.0,2.0,3.0,3.0,1,283,0.9226963141025641,0.9833984375,0
48,RANDOM,AIRCRAFT1,47,-1,0.921630859375,0.983154296875,6.0,4.0,2.0,0.0,6.0,3.0,3.0,2,285,0.9215582431891025,0.983154296875,0
49,RANDOM,AIRCRAFT1,48,-1,0.919677734375,1.0,2.0,2.0,0.0,0.0,2.0,3.0,3.0,1,98,0.9286776455965909,1.0,1
50,RANDOM,AIRCRAFT1,49,-1,0.9169921875,0.9833984375,2.0,3.0,2.0,0.0,2.0,3.0,3.0,2,268,0.9294508713942308,0.9833984375,0
51,RANDOM,AIRCRAFT1,50,-1,1.0,1.0,0.0,0.0,0.0,0.0,0.0,3.0,3.0,1,147,0.9530556126644737,1.0,1
52,RANDOM,AIRCRAFT1,51,-1,0.940673828125,0.994873046875,9.0,5.0,5.0,0.0,9.0,3.0,3.0,2,270,0.9341821915064102,0.994873046875,0
53,RANDOM,AIRCRAFT1,52,-1,0.940185546875,1.0,8.0,8.0,0.0,0.0,8.0,3.0,3.0,1,147,0.9322963169642857,1.0,1
54,RANDOM,AIRCRAFT1,53,-1,0.92138671875,0.943603515625,7.0,4.0,7.0,0.0,7.0,3.0,3.0,2,286,0.9220728165064103,0.943603515625,0
55,RANDOM,AIRCRAFT1,54,-1,0.914794921875,0.950927734375,7.0,10.0,12.0,0.0,7.0,3.0,3.0,2,285,0.9152694310897436,0.950927734375,0
56,RANDOM,AIRCRAFT1,55,-1,0.91845703125,0.9775390625,5.0,9.0,7.0,0.0,5.0,3.0,3.0,2,416,0.9188288762019231,0.9775390625,0
57,RANDOM,AIRCRAFT1,56,-1,0.9208984375,0.9716796875,6.0,4.0,6.0,0.0,6.0,3.0,3.0,2,287,0.9236115284455129,0.9716796875,0
58,RANDOM,AIRCRAFT1,57,-1,1.0,1.0,0.0,0.0,0.0,0.0,0.0,3.0,3.0,1,162,0.9461715133101852,1.0,1
59,RANDOM,AIRCRAFT1,58,-1,0.911376953125,0.974365234375,3.0,4.0,1.0,0.0,3.0,3.0,3.0,2,291,0.9169896834935898,0.974365234375,0
60,RANDOM,AIRCRAFT1,59,-1,0.923095703125,0.937744140625,3.0,4.0,3.0,0.0,3.0,3.0,3.0,2,300,0.9230769230769231,0.937744140625,0
61,RANDOM,AIRCRAFT1,60,-1,0.923095703125,0.934814453125,2.0,5.0,4.0,0.0,2.0,3.0,3.0,1,303,0.922812750400641,0.934814453125,0
62,RANDOM,AIRCRAFT1,61,-1,0.917236328125,0.950439453125,2.0,7.0,5.0,0.0,2.0,3.0,3.0,2,283,0.9192220052083333,0.950439453125,0
63,RANDOM,AIRCRAFT1,62,-1,0.914794921875,0.994873046875,3.0,4.0,1.0,0.0,3.0,3.0,3.0,2,293,0.920234875801282,0.994873046875,0
64,RANDOM,AIRCRAFT1,63,-1,0.9775390625,0.9833984375,5.0,7.0,2.0,0.0,5.0,3.0,3.0,0,274,0.9359412560096154,0.9833984375,0
65,RANDOM,AIRCRAFT1,64,-1,0.9560546875,1.0,1.0,1.0,0.0,0.0,1.0,3.0,3.0,0,15,0.9450509207589286,1.0,1
66,RANDOM,AIRCRAFT1,65,-1,1.0,1.0,0.0,0.0,0.0,0.0,0.0,3.0,3.0,1,116,0.95556640625,1.0,1
67,RANDOM,AIRCRAFT1,66,-1,0.9521484375,0.9833984375,1.0,3.0,2.0,0.0,1.0,3.0,3.0,0,285,0.9303084935897435,0.9833984375,0
68,RANDOM,AIRCRAFT1,67,-1,0.983154296875,0.994873046875,4.0,9.0,5.0,0.0,4.0,3.0,3.0,0,286,0.9368076422275641,0.994873046875,0
69,RANDOM,AIRCRAFT1,68,-1,1.0,1.0,0.0,0.0,0.0,0.0,0.0,3.0,3.0,1,100,0.9545638020833334,1.0,1
70,RANDOM,AIRCRAFT1,69,-1,0.921142578125,0.989013671875,2.0,6.0,4.0,0.0,2.0,3.0,3.0,2,285,0.9226324619391025,0.989013671875,0
71,RANDOM,AIRCRAFT1,70,-1,0.923583984375,0.989013671875,4.0,8.0,4.0,0.0,4.0,3.0,3.0,2,284,0.9243827624198718,0.989013671875,0
72,RANDOM,AIRCRAFT1,71,-1,0.923095703125,0.952392578125,2.0,5.0,4.0,0.0,2.0,3.0,3.0,2,284,0.9229792668269231,0.952392578125,0
73,RANDOM,AIRCRAFT1,72,-1,0.92041015625,0.9833984375,6.0,8.0,2.0,0.0,6.0,3.0,3.0,1,284,0.9217735877403846,0.9833984375,0
74,RANDOM,AIRCRAFT1,73,-1,0.891845703125,0.983154296875,2.0,11.0,9.0,0.0,2.0,3.0,3.0,1,275,0.9142753405448718,0.983154296875,0
75,RANDOM,AIRCRAFT1,74,-1,0.9521484375,0.9833984375,1.0,3.0,2.0,0.0,1.0,3.0,3.0,0,276,0.9314640925480769,0.9833984375,0
76,RANDOM,AIRCRAFT1,75,-1,0.943603515625,1.0,1.0,1.0,0.0,0.0,1.0,3.0,3.0,0,36,0.93724609375,1.0,1
77,RANDOM,AIRCRAFT1,76,-1,1.0,1.0,0.0,0.0,0.0,0.0,0.0,3.0,3.0,1,97,0.9647380771921642,1.0,1
78,RANDOM,AIRCRAFT1,77,-1,0.92822265625,1.0,1.0,1.0,0.0,0.0,1.0,3.0,3.0,0,28,0.93016357421875,1.0,1
79,RANDOM,AIRCRAFT1,78,-1,0.916748046875,0.983154296875,9.0,7.0,2.0,0.0,9.0,3.0,3.0,2,274,0.9232947716346154,0.983154296875,0
80,RANDOM,AIRCRAFT1,79,-1,0.9833984375,0.9833984375,0.0,2.0,2.0,0.0,0.0,3.0,3.0,1,282,0.9326885516826923,0.9833984375,0
81,RANDOM,AIRCRAFT1,80,-1,0.9169921875,1.0,7.0,7.0,0.0,0.0,7.0,3.0,3.0,2,235,0.9252372082368827,1.0,1
82,RANDOM,AIRCRAFT1,81,-1,0.922119140625,0.940673828125,5.0,7.0,4.0,0.0,5.0,3.0,3.0,2,279,0.9213128505608974,0.940673828125,0
83,RANDOM,AIRCRAFT1,82,-1,0.92236328125,0.974365234375,3.0,4.0,1.0,0.0,3.0,3.0,3.0,2,282,0.9231883513621795,0.974365234375,0
84,RANDOM,AIRCRAFT1,83,-1,0.928955078125,0.989013671875,6.0,3.0,4.0,0.0,6.0,3.0,3.0,2,282,0.925702373798077,0.989013671875,0
85,RANDOM,AIRCRAFT1,84,-1,0.974365234375,1.0,1.0,1.0,0.0,0.0,1.0,3.0,3.0,0,8,0.9462890625,1.0,1
86,RANDOM,AIRCRAFT1,85,-1,1.0,1.0,0.0,0.0,0.0,0.0,0.0,3.0,3.0,1,96,0.9562026515151515,1.0,1
87,RANDOM,AIRCRAFT1,86,-1,0.93408203125,1.0,1.0,1.0,0.0,0.0,1.0,3.0,3.0,0,18,0.9398193359375,1.0,1
88,RANDOM,AIRCRAFT1,87,-1,0.9560546875,1.0,1.0,1.0,0.0,0.0,1.0,3.0,3.0,0,19,0.9427959735576923,1.0,1
89,RANDOM,AIRCRAFT1,88,-1,0.927490234375,0.994873046875,6.0,5.0,1.0,0.0,6.0,3.0,3.0,2,278,0.9273587740384616,0.994873046875,0
90,RANDOM,AIRCRAFT1,89,-1,0.9521484375,1.0,3.0,3.0,0.0,0.0,3.0,3.0,3.0,2,239,0.9320529844702744,1.0,1
91,RANDOM,AIRCRAFT1,90,-1,0.974365234375,1.0,1.0,1.0,0.0,0.0,1.0,3.0,3.0,0,42,0.9403754340277778,1.0,1
92,RANDOM,AIRCRAFT1,91,-1,0.932861328125,0.983154296875,6.0,6.0,9.0,0.0,6.0,3.0,3.0,1,280,0.929813952323718,0.983154296875,0
93,RANDOM,AIRCRAFT1,92,-1,0.93505859375,0.9833984375,3.0,5.0,2.0,0.0,3.0,3.0,3.0,0,299,0.931425280448718,0.9833984375,0
94,RANDOM,AIRCRAFT1,93,-1,0.91943359375,0.9521484375,2.0,5.0,3.0,0.0,2.0,3.0,3.0,1,280,0.9212652744391026,0.9521484375,0
95,RANDOM,AIRCRAFT1,94,-1,0.918701171875,0.983154296875,5.0,7.0,2.0,0.0,5.0,3.0,3.0,2,265,0.9190367087339744,0.983154296875,0
96,RANDOM,AIRCRAFT1,95,-1,0.920654296875,0.9443359375,7.0,5.0,8.0,0.0,7.0,3.0,3.0,2,288,0.9210023537660257,0.9443359375,0
97,RANDOM,AIRCRAFT1,96,-1,0.942138671875,0.983154296875,1.0,3.0,2.0,0.0,1.0,3.0,3.0,0,276,0.9268792568108974,0.983154296875,0
98,RANDOM,AIRCRAFT1,97,-1,0.921142578125,0.9521484375,3.0,5.0,3.0,0.0,3.0,3.0,3.0,2,272,0.9207244090544872,0.9521484375,0
99,RANDOM,AIRCRAFT1,98,-1,0.92138671875,0.9423828125,2.0,5.0,3.0,0.0,2.0,3.0,3.0,1,285,0.9215970552884616,0.9423828125,0
100,RANDOM,AIRCRAFT1,99,-1,0.930419921875,0.974365234375,1.0,2.0,1.0,0.0,1.0,3.0,3.0,0,285,0.9288211137820512,0.974365234375,0
1,RANDOM,CONNECTOR1,0,-1,0.9998397827148438,0.9999427795410156,7.0,11.0,4.0,0.0,7.0,1.9,1.9,4,841,0.9995932579040527,0.9999427795410156,0
2,RANDOM,CONNECTOR1,1,-1,0.9998722076416016,0.9999961853027344,4.0,5.0,1.0,0.0,4.0,1.9,1.9,4,837,0.9998368339538575,0.9999961853027344,0
3,RANDOM,CONNECTOR1,2,-1,0.9999408721923828,0.999969482421875,3.0,6.0,3.0,0.0,3.0,1.9,1.9,1,814,0.999918960571289,0.999969482421875,0
4,RANDOM,CONNECTOR1,3,-1,0.9999198913574219,0.9999961853027344,3.0,4.0,1.0,0.0,3.0,1.9,1.9,2,858,0.9999012031555176,0.9999961853027344,0
5,RANDOM,CONNECTOR1,4,-1,0.9998683929443359,0.9999408721923828,11.0,9.0,3.0,0.0,11.0,1.9,1.9,4,884,0.9996876678466797,0.9999408721923828,0
6,RANDOM,CONNECTOR1,5,-1,0.9999122619628906,0.9999656677246094,4.0,10.0,6.0,0.0,4.0,1.9,1.9,4,832,0.9997721557617187,0.9999656677246094,0
7,RANDOM,CONNECTOR1,6,-1,1.0,1.0,0.0,0.0,0.0,0.0,0.0,1.9,1.9,1,201,0.999980708530971,1.0,1
8,RANDOM,CONNECTOR1,7,-1,0.9999656677246094,1.0,2.0,2.0,0.0,0.0,2.0,1.9,1.9,1,260,0.9999205062263891,1.0,1
9,RANDOM,CONNECTOR1,8,-1,0.9999408721923828,0.999969482421875,3.0,3.0,2.0,0.0,3.0,1.9,1.9,4,888,0.9999298934936524,0.999969482421875,0
10,RANDOM,CONNECTOR1,9,-1,0.9999351501464844,0.9999961853027344,2.0,3.0,1.0,0.0,2.0,1.9,1.9,2,822,0.9999143218994141,0.9999961853027344,0
11,RANDOM,CONNECTOR1,10,-1,0.9999618530273438,0.9999961853027344,1.0,4.0,3.0,0.0,1.0,1.9,1.9,0,845,0.9999192199707031,0.9999961853027344,0
12,RANDOM,CONNECTOR1,11,-1,1.0,1.0,0.0,0.0,0.0,0.0,0.0,1.9,1.9,1,236,0.999975950198066,1.0,1
13,RANDOM,CONNECTOR1,12,-1,0.9999809265136719,0.9999961853027344,1.0,2.0,1.0,0.0,1.0,1.9,1.9,0,826,0.9999291877746582,0.9999961853027344,0
14,RANDOM,CONNECTOR1,13,-1,0.9999465942382812,0.9999809265136719,2.0,4.0,3.0,0.0,2.0,1.9,1.9,1,982,0.9999336433410645,0.9999809265136719,0
15,RANDOM,CONNECTOR1,14,-1,0.999908447265625,0.9999542236328125,4.0,9.0,5.0,0.0,4.0,1.9,1.9,3,831,0.9998743515014649,0.9999542236328125,0
16,RANDOM,CONNECTOR1,15,-1,0.9999961853027344,1.0,1.0,1.0,0.0,0.0,1.0,1.9,1.9,0,0,0.9999656677246094,1.0,1
17,RANDOM,CONNECTOR1,16,-1,0.9999771118164062,0.9999961853027344,1.0,2.0,1.0,0.0,1.0,1.9,1.9,0,855,0.9999348640441894,0.9999961853027344,0
18,RANDOM,CONNECTOR1,17,-1,0.9999885559082031,1.0,1.0,1.0,0.0,0.0,1.0,1.9,1.9,0,16,0.9999764760335287,1.0,1
19,RANDOM,CONNECTOR1,18,-1,0.9999351501464844,0.9999847412109375,2.0,5.0,3.0,0.0,2.0,1.9,1.9,1,831,0.999894386291504,0.9999847412109375,0
20,RANDOM,CONNECTOR1,19,-1,0.9999961853027344,1.0,3.0,3.0,0.0,0.0,3.0,1.9,1.9,0,20,0.9999885559082031,1.0,1
21,RANDOM,CONNECTOR1,20,-1,0.9996719360351562,0.9999656677246094,3.0,7.0,5.0,0.0,3.0,1.9,1.9,2,812,0.9996686668395997,0.9999656677246094,0
22,RANDOM,CONNECTOR1,21,-1,0.9999465942382812,0.9999961853027344,3.0,4.0,1.0,0.0,3.0,1.9,1.9,2,840,0.9999199066162109,0.9999961853027344,0
23,RANDOM,CONNECTOR1,22,-1,0.9999427795410156,0.9999961853027344,4.0,4.0,1.0,0.0,4.0,1.9,1.9,3,847,0.999889030456543,0.9999961853027344,0
24,RANDOM,CONNECTOR1,23,-1,0.9999618530273438,0.9999847412109375,3.0,6.0,3.0,0.0,3.0,1.9,1.9,2,832,0.9999209175109863,0.9999847412109375,0
25,RANDOM,CONNECTOR1,24,-1,0.9999847412109375,0.9999961853027344,2.0,3.0,1.0,0.0,2.0,1.9,1.9,2,820,0.999928050994873,0.9999961853027344,0
26,RANDOM,CONNECTOR1,25,-1,0.999908447265625,0.9999923706054688,4.0,3.0,2.0,0.0,4.0,1.9,1.9,3,835,0.9998727912902832,0.9999923706054688,0
27,RANDOM,CONNECTOR1,26,-1,0.9999427795410156,0.9999885559082031,3.0,7.0,4.0,0.0,3.0,1.9,1.9,2,818,0.999874771118164,0.9999885559082031,0
28,RANDOM,CONNECTOR1,27,-1,0.9999427795410156,0.9999961853027344,2.0,3.0,1.0,0.0,2.0,1.9,1.9,1,821,0.9998807182312012,0.9999961853027344,0
29,RANDOM,CONNECTOR1,28,-1,0.9999122619628906,0.9999809265136719,4.0,8.0,4.0,0.0,4.0,1.9,1.9,3,824,0.9998782539367675,0.9999809265136719,0
30,RANDOM,CONNECTOR1,29,-1,0.9999542236328125,0.9999771118164062,5.0,9.0,4.0,0.0,5.0,1.9,1.9,3,824,0.999896411895752,0.9999771118164062,0
31,RANDOM,CONNECTOR1,30,-1,1.0,1.0,0.0,0.0,0.0,0.0,0.0,1.9,1.9,1,233,0.9999736756768846,1.0,1
32,RANDOM,CONNECTOR1,31,-1,1.0,1.0,0.0,0.0,0.0,0.0,0.0,1.9,1.9,1,223,0.9999722924851279,1.0,1
33,RANDOM,CONNECTOR1,32,-1,0.9999332427978516,0.9999732971191406,3.0,4.0,3.0,0.0,3.0,1.9,1.9,2,836,0.9999089965820313,0.9999732971191406,0
34,RANDOM,CONNECTOR1,33,-1,0.9998798370361328,0.9999542236328125,6.0,10.0,8.0,0.0,6.0,1.9,1.9,3,828,0.9996757164001465,0.9999542236328125,0
35,RANDOM,CONNECTOR1,34,-1,0.9999370574951172,0.9999885559082031,3.0,4.0,3.0,0.0,3.0,1.9,1.9,4,818,0.9999038581848144,0.9999885559082031,0
36,RANDOM,CONNECTOR1,35,-1,0.9999427795410156,0.9999885559082031,4.0,5.0,3.0,0.0,4.0,1.9,1.9,4,821,0.999931411743164,0.9999885559082031,0
37,RANDOM,CONNECTOR1,36,-1,0.9999504089355469,1.0,3.0,3.0,0.0,0.0,3.0,1.9,1.9,2,412,0.9999477504303096,1.0,1
38,RANDOM,CONNECTOR1,37,-1,0.9998893737792969,0.9999847412109375,4.0,6.0,2.0,0.0,4.0,1.9,1.9,3,833,0.9998590774536132,0.9999847412109375,0
39,RANDOM,CONNECTOR1,38,-1,0.999908447265625,0.9999618530273438,3.0,5.0,4.0,0.0,3.0,1.9,1.9,3,817,0.9998035316467285,0.9999618530273438,0
40,RANDOM,CONNECTOR1,39,-1,0.9999237060546875,0.9999465942382812,9.0,12.0,3.0,0.0,9.0,1.9,1.9,4,813,0.9998103790283203,0.9999465942382812,0
41,RANDOM,CONNECTOR1,40,-1,0.9998703002929688,0.9999732971191406,4.0,7.0,3.0,0.0,4.0,1.9,1.9,1,821,0.9998186721801757,0.9999732971191406,0
42,RANDOM,CONNECTOR1,41,-1,0.9999504089355469,0.9999961853027344,2.0,3.0,1.0,0.0,2.0,1.9,1.9,4,801,0.9999326133728027,0.9999961853027344,0
43,RANDOM,CONNECTOR1,42,-1,0.9999771118164062,0.9999961853027344,1.0,3.0,2.0,0.0,1.0,1.9,1.9,0,822,0.9999311180114746,0.9999961853027344,0
44,RANDOM,CONNECTOR1,43,-1,0.9999599456787109,0.9999885559082031,2.0,7.0,5.0,0.0,2.0,1.9,1.9,1,802,0.9999197158813476,0.9999885559082031,0
45,RANDOM,CONNECTOR1,44,-1,0.9999542236328125,0.9999847412109375,2.0,5.0,3.0,0.0,2.0,1.9,1.9,2,825,0.9999229278564453,0.9999847412109375,0
46,RANDOM,CONNECTOR1,45,-1,0.9999771118164062,1.0,2.0,2.0,0.0,0.0,2.0,1.9,1.9,1,224,0.9999599456787109,1.0,1
47,RANDOM,CONNECTOR1,46,-1,0.9999656677246094,0.9999923706054688,3.0,3.0,2.0,0.0,3.0,1.9,1.9,3,800,0.9999325485229492,0.9999923706054688,0
48,RANDOM,CONNECTOR1,47,-1,0.9999370574951172,0.9999923706054688,6.0,6.0,2.0,0.0,6.0,1.9,1.9,4,820,0.9998523559570313,0.9999923706054688,0
49,RANDOM,CONNECTOR1,48,-1,0.9999446868896484,0.9999771118164062,5.0,5.0,3.0,0.0,5.0,1.9,1.9,4,833,0.999937557220459,0.9999771118164062,0
50,RANDOM,CONNECTOR1,49,-1,0.9999198913574219,1.0,3.0,3.0,0.0,0.0,3.0,1.9,1.9,0,65,0.9999014201917147,1.0,1
51,RANDOM,CONNECTOR1,50,-1,0.9999046325683594,0.9999580383300781,6.0,9.0,6.0,0.0,6.0,1.9,1.9,4,1187,0.9998264198303223,0.9999580383300781,0
52,RANDOM,CONNECTOR1,51,-1,0.9999809265136719,0.9999961853027344,4.0,5.0,1.0,0.0,4.0,1.9,1.9,1,818,0.9999334411621094,0.9999961853027344,0
53,RANDOM,CONNECTOR1,52,-1,0.9997749328613281,0.999969482421875,6.0,8.0,2.0,0.0,6.0,1.9,1.9,1,857,0.999762996673584,0.999969482421875,0
54,RANDOM,CONNECTOR1,53,-1,0.9999485015869141,0.9999961853027344,2.0,2.0,2.0,0.0,2.0,1.9,1.9,1,812,0.9999422607421875,0.9999961853027344,0
55,RANDOM,CONNECTOR1,54,-1,0.9999465942382812,0.9999885559082031,3.0,4.0,2.0,0.0,3.0,1.9,1.9,2,887,0.999917537689209,0.9999885559082031,0
56,RANDOM,CONNECTOR1,55,-1,0.9999732971191406,0.9999961853027344,2.0,5.0,3.0,0.0,2.0,1.9,1.9,1,849,0.9999205360412597,0.9999961853027344,0
57,RANDOM,CONNECTOR1,56,-1,0.9999465942382812,0.9999771118164062,4.0,7.0,3.0,0.0,4.0,1.9,1.9,2,797,0.9998930473327636,0.9999771118164062,0
58,RANDOM,CONNECTOR1,57,-1,1.0,1.0,0.0,0.0,0.0,0.0,0.0,1.9,1.9,1,254,0.9999742762247721,1.0,1
59,RANDOM,CONNECTOR1,58,-1,0.9999771118164062,0.9999923706054688,5.0,8.0,3.0,0.0,5.0,1.9,1.9,2,786,0.9998768463134765,0.9999923706054688,0
60,RANDOM,CONNECTOR1,59,-1,1.0,1.0,0.0,0.0,0.0,0.0,0.0,1.9,1.9,1,303,0.9999734067368782,1.0,1
61,RANDOM,CONNECTOR1,60,-1,0.9999618530273438,0.9999961853027344,2.0,3.0,1.0,0.0,2.0,1.9,1.9,1,802,0.9999219551086426,0.9999961853027344,0
62,RANDOM,CONNECTOR1,61,-1,0.9999809265136719,1.0,2.0,2.0,0.0,0.0,2.0,1.9,1.9,1,192,0.9999594852842134,1.0,1
63,RANDOM,CONNECTOR1,62,-1,0.9999427795410156,0.9999923706054688,2.0,4.0,2.0,0.0,2.0,1.9,1.9,1,825,0.9999339485168457,0.9999923706054688,0
64,RANDOM,CONNECTOR1,63,-1,0.9999427795410156,0.9999809265136719,3.0,5.0,3.0,0.0,3.0,1.9,1.9,3,819,0.9999022827148437,0.9999809265136719,0
65,RANDOM,CONNECTOR1,64,-1,0.9999790191650391,1.0,1.0,1.0,0.0,0.0,1.0,1.9,1.9,0,6,0.9999423027038574,1.0,1
66,RANDOM,CONNECTOR1,65,-1,0.9999771118164062,1.0,2.0,2.0,0.0,0.0,2.0,1.9,1.9,1,223,0.9999390746192108,1.0,1
67,RANDOM,CONNECTOR1,66,-1,0.9999427795410156,0.9999847412109375,2.0,2.0,2.0,0.0,2.0,1.9,1.9,1,821,0.9998997879028321,0.9999847412109375,0
68,RANDOM,CONNECTOR1,67,-1,0.9999885559082031,0.9999961853027344,1.0,2.0,1.0,0.0,1.0,1.9,1.9,0,824,0.9999518852233886,0.9999961853027344,0
69,RANDOM,CONNECTOR1,68,-1,0.9999961853027344,1.0,1.0,1.0,0.0,0.0,1.0,1.9,1.9,0,20,0.9999744097391764,1.0,1
70,RANDOM,CONNECTOR1,69,-1,0.9998893737792969,0.9999771118164062,8.0,7.0,6.0,0.0,8.0,1.9,1.9,4,854,0.999841609954834,0.9999771118164062,0
71,RANDOM,CONNECTOR1,70,-1,0.9999351501464844,0.9999504089355469,3.0,6.0,4.0,0.0,3.0,1.9,1.9,3,812,0.9998926124572753,0.9999504089355469,0
72,RANDOM,CONNECTOR1,71,-1,0.9999504089355469,0.9999923706054688,5.0,6.0,2.0,0.0,5.0,1.9,1.9,4,815,0.9998676414489747,0.9999923706054688,0
73,RANDOM,CONNECTOR1,72,-1,1.0,1.0,0.0,0.0,0.0,0.0,0.0,1.9,1.9,1,186,0.9999819701572634,1.0,1
74,RANDOM,CONNECTOR1,73,-1,0.9998912811279297,0.9999618530273438,4.0,7.0,3.0,0.0,4.0,1.9,1.9,1,809,0.9998653259277344,0.9999618530273438,0
75,RANDOM,CONNECTOR1,74,-1,0.9999656677246094,0.9999961853027344,4.0,4.0,1.0,0.0,4.0,1.9,1.9,1,824,0.9999119110107422,0.9999961853027344,0
76,RANDOM,CONNECTOR1,75,-1,0.9999923706054688,1.0,4.0,4.0,0.0,0.0,4.0,1.9,1.9,1,179,0.9999704187566584,1.0,1
77,RANDOM,CONNECTOR1,76,-1,0.9999961853027344,1.0,1.0,1.0,0.0,0.0,1.0,1.9,1.9,0,53,0.9999783039093018,1.0,1
78,RANDOM,CONNECTOR1,77,-1,0.9999370574951172,0.9999771118164062,3.0,3.0,2.0,0.0,3.0,1.9,1.9,3,836,0.9998986282348633,0.9999771118164062,0
79,RANDOM,CONNECTOR1,78,-1,0.9999656677246094,0.9999923706054688,3.0,4.0,1.0,0.0,3.0,1.9,1.9,0,783,0.9999111595153809,0.9999923706054688,0
80,RANDOM,CONNECTOR1,79,-1,0.9999618530273438,0.9999885559082031,2.0,5.0,3.0,0.0,2.0,1.9,1.9,2,805,0.9999071273803711,0.9999885559082031,0
81,RANDOM,CONNECTOR1,80,-1,0.9999275207519531,0.9999961853027344,4.0,4.0,2.0,0.0,4.0,1.9,1.9,3,820,0.9998618659973144,0.9999961853027344,0
82,RANDOM,CONNECTOR1,81,-1,0.99993896484375,1.0,3.0,3.0,0.0,0.0,3.0,1.9,1.9,4,779,0.9999309596974538,1.0,1
83,RANDOM,CONNECTOR1,82,-1,0.9999961853027344,1.0,3.0,3.0,0.0,0.0,3.0,1.9,1.9,0,31,0.9999723434448242,1.0,1
84,RANDOM,CONNECTOR1,83,-1,0.9999427795410156,0.9999732971191406,3.0,6.0,4.0,0.0,3.0,1.9,1.9,4,834,0.9999356002807617,0.9999732971191406,0
85,RANDOM,CONNECTOR1,84,-1,0.9999961853027344,1.0,1.0,1.0,0.0,0.0,1.0,1.9,1.9,0,158,0.9999765785791541,1.0,1
86,RANDOM,CONNECTOR1,85,-1,0.9998493194580078,0.9999847412109375,3.0,3.0,2.0,0.0,3.0,1.9,1.9,4,828,0.9998208084106446,0.9999847412109375,0
87,RANDOM,CONNECTOR1,86,-1,0.9999656677246094,1.0,1.0,1.0,0.0,0.0,1.0,1.9,1.9,0,135,0.9999521255493165,1.0,1
88,RANDOM,CONNECTOR1,87,-1,0.9999771118164062,0.9999961853027344,1.0,2.0,1.0,0.0,1.0,1.9,1.9,1,808,0.9999436111450195,0.9999961853027344,0
89,RANDOM,CONNECTOR1,88,-1,0.9998855590820312,0.9999504089355469,3.0,7.0,8.0,0.0,3.0,1.9,1.9,2,823,0.9998412551879883,0.9999504089355469,0
90,RANDOM,CONNECTOR1,89,-1,0.9999542236328125,1.0,4.0,4.0,0.0,0.0,4.0,1.9,1.9,2,356,0.9999203248457476,1.0,1
91,RANDOM,CONNECTOR1,90,-1,0.9999485015869141,0.9999847412109375,4.0,5.0,2.0,0.0,4.0,1.9,1.9,1,822,0.9998713264465332,0.9999847412109375,0
92,RANDOM,CONNECTOR1,91,-1,0.9998226165771484,0.9999446868896484,8.0,9.0,3.0,0.0,8.0,1.9,1.9,3,831,0.9997148628234863,0.9999446868896484,0
93,RANDOM,CONNECTOR1,92,-1,0.9999618530273438,0.9999923706054688,4.0,5.0,2.0,0.0,4.0,1.9,1.9,1,820,0.9999178428649902,0.9999923706054688,0
94,RANDOM,CONNECTOR1,93,-1,0.9993553161621094,0.9999504089355469,13.0,13.0,4.0,0.0,13.0,1.9,1.9,4,809,0.9992689552307129,0.9999504089355469,0
95,RANDOM,CONNECTOR1,94,-1,0.9999446868896484,0.9999885559082031,4.0,4.0,3.0,0.0,4.0,1.9,1.9,3,830,0.9999281959533691,0.9999885559082031,0
96,RANDOM,CONNECTOR1,95,-1,0.9999809265136719,0.9999961853027344,1.0,4.0,3.0,0.0,1.0,1.9,1.9,0,817,0.9999144515991211,0.9999961853027344,0
97,RANDOM,CONNECTOR1,96,-1,0.9998359680175781,0.9999618530273438,4.0,9.0,5.0,0.0,4.0,1.9,1.9,3,821,0.9997703971862792,0.9999618530273438,0
98,RANDOM,CONNECTOR1,97,-1,0.9998016357421875,0.9999542236328125,5.0,4.0,5.0,0.0,5.0,1.9,1.9,4,819,0.9997655601501465,0.9999542236328125,0
99,RANDOM,CONNECTOR1,98,-1,0.9999141693115234,0.9999847412109375,8.0,10.0,3.0,0.0,8.0,1.9,1.9,4,828,0.9998806304931641,0.9999847412109375,0
100,RANDOM,CONNECTOR1,99,-1,0.9999427795410156,0.9999885559082031,3.0,9.0,6.0,0.0,3.0,1.9,1.9,4,802,0.9998049087524414,0.9999885559082031,0
1,RANDOM,MOBILE_MEDIA_V5_TO_V6,0,-1,0.99969482421875,0.9999237060546875,8.0,5.0,8.0,0.0,8.0,3.0,3.0,2,586,0.9991330146789551,0.9999237060546875,0
2,RANDOM,MOBILE_MEDIA_V5_TO_V6,1,-1,0.99969482421875,0.9999198913574219,7.0,5.0,9.0,0.0,7.0,3.0,3.0,3,540,0.9990242640177409,0.9999198913574219,0
3,RANDOM,MOBILE_MEDIA_V5_TO_V6,2,-1,0.99969482421875,0.9999198913574219,9.0,5.0,9.0,0.0,9.0,3.0,3.0,3,616,0.9988355742560493,0.9999198913574219,0
4,RANDOM,MOBILE_MEDIA_V5_TO_V6,3,-1,0.99969482421875,0.9999198913574219,7.0,5.0,9.0,0.0,7.0,3.0,3.0,2,552,0.9985287030537923,0.9999198913574219,0
5,RANDOM,MOBILE_MEDIA_V5_TO_V6,4,-1,0.99969482421875,0.9999122619628906,6.0,5.0,10.0,0.0,6.0,3.0,3.0,1,551,0.9988487349616156,0.9999122619628906,0
6,RANDOM,MOBILE_MEDIA_V5_TO_V6,5,-1,0.99969482421875,0.9999237060546875,8.0,5.0,8.0,0.0,8.0,3.0,3.0,2,562,0.9989556948343913,0.9999237060546875,0
7,RANDOM,MOBILE_MEDIA_V5_TO_V6,6,-1,0.99969482421875,0.9999237060546875,8.0,5.0,8.0,0.0,8.0,3.0,3.0,2,557,0.998924986521403,0.9999237060546875,0
8,RANDOM,MOBILE_MEDIA_V5_TO_V6,7,-1,0.99969482421875,0.9999198913574219,7.0,5.0,9.0,0.0,7.0,3.0,3.0,2,555,0.9991479131910536,0.9999198913574219,0
9,RANDOM,MOBILE_MEDIA_V5_TO_V6,8,-1,0.99969482421875,0.9999237060546875,8.0,5.0,8.0,0.0,8.0,3.0,3.0,2,551,0.9988571590847439,0.9999237060546875,0
10,RANDOM,MOBILE_MEDIA_V5_TO_V6,9,-1,0.99969482421875,0.9999237060546875,8.0,5.0,8.0,0.0,8.0,3.0,3.0,2,545,0.9990519523620606,0.9999237060546875,0
1,RANDOM,MOBILE_MEDIA_V7_TO_V8,0,-1,0.9999979567874107,0.9999999998522071,19.0,59.0,67.0,0.0,19.0,3.4166666666666665,3.4166666666666665,5,1986,0.999996544524594,0.9999999998522071,0
2,RANDOM,MOBILE_MEDIA_V7_TO_V8,1,-1,0.9999979567874107,0.9999999998590283,15.0,59.0,64.0,0.0,15.0,3.4166666666666665,3.4166666666666665,4,1948,0.9999950392251269,0.9999999998590283,0
1,RANDOM,HELP_SYSTEM,0,-1,0.9999198913574219,0.9999795258045197,2.0,11.0,12.0,0.0,2.0,3.125,3.125,0,1735,0.9997837987083655,0.9999795258045197,0
2,RANDOM,HELP_SYSTEM,1,-1,0.9999198913574219,0.9999856948852539,4.0,11.0,12.0,0.0,4.0,3.125,3.125,3,1598,0.9998003553121518,0.9999856948852539,0
1,RANDOM,SMARTHOME,0,-1,0.9999999997671694,0.9999999997671694,0.0,111.0,111.0,0.0,0.0,3.4761904761904763,3.4761904761904763,1,217546,0.9999999997671694,0.9999999997671694,0
1,RANDOM,ERPSPLS,0,-1,0.9999999995396003,0.999999999982062,15.0,44.0,50.0,0.0,15.0,2.85,2.85,7,54500,0.9999999979989791,0.999999999982062,0
2,RANDOM,ERPSPLS,1,-1,0.9999999995396003,0.9999999999820621,16.0,44.0,51.0,0.0,16.0,2.85,2.85,12,54828,0.9999999980567609,0.9999999999820621,0

